<?xml version='1.0' encoding='UTF-8'?>
<?artifactRepository version='1.1.0'?>
<repository name='file:/G:/workspace/Anypointworkspace/email-validator-connector/target/update-site/ - artifacts' type='org.eclipse.equinox.p2.artifact.repository.simpleRepository' version='1'>
  <properties size='2'>
    <property name='p2.timestamp' value='1500525129016'/>
    <property name='p2.compressed' value='false'/>
  </properties>
  <mappings size='3'>
    <rule filter='(&amp; (classifier=osgi.bundle))' output='${repoUrl}/plugins/${id}_${version}.jar'/>
    <rule filter='(&amp; (classifier=binary))' output='${repoUrl}/binary/${id}_${version}'/>
    <rule filter='(&amp; (classifier=org.eclipse.update.feature))' output='${repoUrl}/features/${id}_${version}.jar'/>
  </mappings>
  <artifacts size='2'>
    <artifact classifier='osgi.bundle' id='org.mule.tooling.ui.contribution.email-validator.3.5.0' version='1.0.0.201707200032'>
      <properties size='3'>
        <property name='artifact.size' value='334490'/>
        <property name='download.size' value='334490'/>
        <property name='download.md5' value='5048181009a84a6b82740e41afc1dcc2'/>
      </properties>
    </artifact>
    <artifact classifier='org.eclipse.update.feature' id='org.mule.tooling.ui.extension.email-validator-connector.3.5.0' version='1.0.0.201707200032'>
      <properties size='4'>
        <property name='artifact.size' value='652'/>
        <property name='download.size' value='652'/>
        <property name='download.md5' value='b335baa30a923386ce3bb118b319e57c'/>
        <property name='download.contentType' value='application/zip'/>
      </properties>
    </artifact>
  </artifacts>
</repository>
